序号,投资者账号,投资者,报单编号,本地报单编号,交易所,合约代码,合约名称,买卖,开平,报单价格,报单数量,报单状态,成交均价,成交数量,撤单数量,剩余数量,报单时间,撤单时间,成交时间,成交时间(日),手续费,平仓盈亏,平仓盈亏(逐笔),类型,时态,策略编号,备注,MEMO,策略名称,类别,下单用户,撤单用户,IP地址,MAC,委托终端,前置ID,会话ID,营业部
110,138411,？？？？？？？？′？？？,171409,000000025545,SHFE,ni2208,ni2208,买,平今,165910,1,全部成交,165910.0,1,0,0,00:03:27,,00:03:27,20220702 00:03:27,--,340.00,340.00,投机,GFD,套利[C33],,,ni09-08:Spread[C33],普通,138411,,,,InfiniV8_1,3,-290971658,
109,138411,？？？？？？？？′？？？,171408,000000025537,SHFE,ni2209,ni2209,    卖,平今,160810,1,全部成交,160810.0,1,0,0,00:03:27,,00:03:27,20220702 00:03:27,--,-140.00,-140.00,投机,GFD,套利[C33],,,ni09-08:Spread[C33],普通,138411,,,,InfiniV8_1,3,-290971658,
108,138411,？？？？？？？？′？？？,168445,000000024969,SHFE,ni2208,ni2208,买,平今,166060,1,全部成交,166060.0,1,0,0,23:51:57,,23:51:57,20220701 23:51:57,--,240.00,240.00,投机,GFD,套利[C31],,,ni09-08:Spread[C31],普通,138411,,,,InfiniV8_1,3,-290971658,
107,138411,？？？？？？？？′？？？,168443,000000024961,SHFE,ni2209,ni2209,    卖,平今,160910,1,全部成交,160910.0,1,0,0,23:51:57,,23:51:57,20220701 23:51:57,--,-140.00,-140.00,投机,GFD,套利[C31],,,ni09-08:Spread[C31],普通,138411,,,,InfiniV8_1,3,-290971658,
106,138411,？？？？？？？？′？？？,168238,000000024833,SHFE,ni2208,ni2208,买,平今,166250,1,全部成交,166250.0,1,0,0,23:51:23,,23:51:23,20220701 23:51:23,--,50.00,50.00,投机,GFD,套利[C31],CTP:报单已全成交或已撤销，不能再撤,,ni09-08:Spread[C31],普通,138411,,,,InfiniV8_1,3,-290971658,
105,138411,？？？？？？？？′？？？,168232,000000024809,SHFE,ni2209,ni2209,    卖,平今,161050,1,全部成交,161050.0,1,0,0,23:51:22,,23:51:22,20220701 23:51:22,--,--,--,投机,GFD,套利[C31],,,ni09-08:Spread[C31],普通,138411,,,,InfiniV8_1,3,-290971658,
104,138411,？？？？？？？？′？？？,167498,000000024577,SHFE,ni2208,ni2208,    卖,开仓,166250,1,全部成交,166250.0,1,0,0,23:50:09,,23:50:09,20220701 23:50:09,1.00,--,--,投机,GFD,套利[C30],,,ni09-08:Spread[C30],普通,138411,,,,InfiniV8_1,3,-290971658,
103,138411,？？？？？？？？′？？？,167497,000000024569,SHFE,ni2209,ni2209,买,开仓,160950,1,全部成交,160950.0,1,0,0,23:50:09,,23:50:09,20220701 23:50:09,1.00,--,--,投机,GFD,套利[C30],,,ni09-08:Spread[C30],普通,138411,,,,InfiniV8_1,3,-290971658,
102,138411,？？？？？？？？′？？？,167383,000000024497,SHFE,ni2208,ni2208,    卖,开仓,166300,1,全部成交,166300.0,1,0,0,23:49:59,,23:49:59,20220701 23:49:59,1.00,--,--,投机,GFD,套利[C30],,,ni09-08:Spread[C30],普通,138411,,,,InfiniV8_1,3,-290971658,
101,138411,？？？？？？？？′？？？,167382,000000024489,SHFE,ni2208,ni2208,    卖,开仓,166300,1,全部成交,166300.0,1,0,0,23:49:59,,23:49:59,20220701 23:49:59,1.00,--,--,投机,GFD,套利[C28],,,ni09-08:Spread[C28],普通,138411,,,,InfiniV8_1,3,-290971658,
100,138411,？？？？？？？？′？？？,167381,000000024481,SHFE,ni2209,ni2209,买,开仓,161050,1,全部成交,161050.0,1,0,0,23:49:59,,23:49:59,20220701 23:49:59,1.00,--,--,投机,GFD,套利[C30],,,ni09-08:Spread[C30],普通,138411,,,,InfiniV8_1,3,-290971658,
99,138411,？？？？？？？？′？？？,167380,000000024473,SHFE,ni2209,ni2209,买,开仓,161050,1,全部成交,161050.0,1,0,0,23:49:59,,23:49:59,20220701 23:49:59,1.00,--,--,投机,GFD,套利[C28],,,ni09-08:Spread[C28],普通,138411,,,,InfiniV8_1,3,-290971658,
98,138411,？？？？？？？？′？？？,164563,000000022065,SHFE,ni2208,ni2208,买,平今,166660,1,全部成交,166660.0,1,0,0,23:42:01,,23:42:01,20220701 23:42:01,--,80.00,80.00,投机,GFD,套利[C29],,,ni09-08:Spread[C29],普通,138411,,,,InfiniV8_1,3,-290971658,
97,138411,？？？？？？？？′？？？,164562,000000022057,SHFE,ni2209,ni2209,    卖,平今,161510,1,全部成交,161510.0,1,0,0,23:42:01,,23:42:01,20220701 23:42:01,--,30.00,30.00,投机,GFD,套利[C29],,,ni09-08:Spread[C29],普通,138411,,,,InfiniV8_1,3,-290971658,
96,138411,？？？？？？？？′？？？,164248,000000021761,SHFE,ni2208,ni2208,    卖,开仓,166740,1,全部成交,166740.0,1,0,0,23:41:04,,23:41:04,20220701 23:41:04,1.00,--,--,投机,GFD,套利[C28],,,ni09-08:Spread[C28],普通,138411,,,,InfiniV8_1,3,-290971658,
95,138411,？？？？？？？？′？？？,164247,000000021753,SHFE,ni2209,ni2209,买,开仓,161480,1,全部成交,161480.0,1,0,0,23:41:04,,23:41:04,20220701 23:41:04,1.00,--,--,投机,GFD,套利[C28],,,ni09-08:Spread[C28],普通,138411,,,,InfiniV8_1,3,-290971658,
94,138411,？？？？？？？？′？？？,157737,000000021297,SHFE,ni2208,ni2208,买,平今,166910,1,全部成交,166910.0,1,0,0,23:22:19,,23:22:19,20220701 23:22:19,--,-290.00,-290.00,投机,GFD,套利[C27],,,ni09-08:Spread[C27],普通,138411,,,,InfiniV8_1,3,-290971658,
93,138411,？？？？？？？？′？？？,157730,000000021289,SHFE,ni2209,ni2209,    卖,平今,161720,1,全部成交,161720.0,1,0,0,23:22:18,,23:22:19,20220701 23:22:19,--,520.00,520.00,投机,GFD,套利[C27],,,ni09-08:Spread[C27],普通,138411,,,,InfiniV8_1,3,-290971658,
92,138411,？？？？？？？？′？？？,157679,000000021169,SHFE,ni2208,ni2208,买,平今,167020,1,全部成交,167020.0,1,0,0,23:22:03,,23:22:03,20220701 23:22:03,--,-280.00,-280.00,投机,GFD,套利[C27],,,ni09-08:Spread[C27],普通,138411,,,,InfiniV8_1,3,-290971658,
91,138411,？？？？？？？？′？？？,157678,000000021161,SHFE,ni2209,ni2209,    卖,平今,161770,1,全部成交,161770.0,1,0,0,23:22:03,,23:22:03,20220701 23:22:03,--,570.00,570.00,投机,GFD,套利[C27],,,ni09-08:Spread[C27],普通,138411,,,,InfiniV8_1,3,-290971658,
90,138411,？？？？？？？？′？？？,156417,000000020945,SHFE,ni2208,ni2208,    卖,开仓,166620,1,全部成交,166620.0,1,0,0,23:16:17,,23:16:17,20220701 23:16:17,1.00,--,--,投机,GFD,套利[C26],,,ni09-08:Spread[C26],普通,138411,,,,InfiniV8_1,3,-290971658,
89,138411,？？？？？？？？′？？？,156416,000000020937,SHFE,ni2209,ni2209,买,开仓,161200,1,全部成交,161200.0,1,0,0,23:16:17,,23:16:17,20220701 23:16:17,1.00,--,--,投机,GFD,套利[C26],,,ni09-08:Spread[C26],普通,138411,,,,InfiniV8_1,3,-290971658,
88,138411,？？？？？？？？′？？？,156406,000000020929,SHFE,ni2208,ni2208,    卖,开仓,166740,1,全部成交,166740.0,1,0,0,23:16:17,,23:16:17,20220701 23:16:17,1.00,--,--,投机,GFD,套利[C26],,,ni09-08:Spread[C26],普通,138411,,,,InfiniV8_1,3,-290971658,
87,138411,？？？？？？？？′？？？,156405,000000020921,SHFE,ni2209,ni2209,买,开仓,161200,1,全部成交,161200.0,1,0,0,23:16:17,,23:16:17,20220701 23:16:17,1.00,--,--,投机,GFD,套利[C26],,,ni09-08:Spread[C26],普通,138411,,,,InfiniV8_1,3,-290971658,
86,138411,？？？？？？？？′？？？,155899,000000020545,SHFE,ni2208,ni2208,买,平今,166870,1,全部成交,166870.0,1,0,0,23:14:45,,23:14:45,20220701 23:14:45,--,630.00,630.00,投机,GFD,套利[C25],,,ni09-08:Spread[C25],普通,138411,,,,InfiniV8_1,3,-290971658,
85,138411,？？？？？？？？′？？？,155898,000000020537,SHFE,ni2209,ni2209,    卖,平今,161780,1,全部成交,161780.0,1,0,0,23:14:45,,23:14:45,20220701 23:14:45,--,-530.00,-530.00,投机,GFD,套利[C25],,,ni09-08:Spread[C25],普通,138411,,,,InfiniV8_1,3,-290971658,
84,138411,？？？？？？？？′？？？,155821,000000020153,SHFE,ni2208,ni2208,买,平今,167300,1,全部成交,167300.0,1,0,0,23:14:25,,23:14:25,20220701 23:14:25,--,220.00,220.00,投机,GFD,套利[C25],,,ni09-08:Spread[C25],普通,138411,,,,InfiniV8_1,3,-290971658,
83,138411,？？？？？？？？′？？？,155819,000000020129,SHFE,ni2209,ni2209,    卖,平今,162290,1,全部成交,162300.0,1,0,0,23:14:25,,23:14:25,20220701 23:14:25,--,-30.00,-30.00,投机,GFD,套利[C25],28:SHFE:报单已经全部成交,,ni09-08:Spread[C25],普通,138411,,,,InfiniV8_1,3,-290971658,
82,138411,？？？？？？？？′？？？,155809,000000020057,SHFE,ni2208,ni2208,买,平今,167420,1,全部成交,167420.0,1,0,0,23:14:20,,23:14:20,20220701 23:14:20,--,1180.00,1180.00,投机,GFD,套利[C25],,,ni09-08:Spread[C25],普通,138411,,,,InfiniV8_1,3,-290971658,
81,138411,？？？？？？？？′？？？,155808,000000020049,SHFE,ni2209,ni2209,    卖,平今,162350,1,全部成交,162350.0,1,0,0,23:14:20,,23:14:20,20220701 23:14:20,--,-1150.00,-1150.00,投机,GFD,套利[C25],,,ni09-08:Spread[C25],普通,138411,,,,InfiniV8_1,3,-290971658,
80,138411,？？？？？？？？′？？？,155378,000000019673,SHFE,ni2208,ni2208,    卖,开仓,167500,1,全部成交,167500.0,1,0,0,23:12:35,,23:12:35,20220701 23:12:35,1.00,--,--,投机,GFD,套利[C24],,,ni09-08:Spread[C24],普通,138411,,,,InfiniV8_1,3,-290971658,
79,138411,？？？？？？？？′？？？,155377,000000019657,SHFE,ni2209,ni2209,买,开仓,162310,1,全部成交,162310.0,1,0,0,23:12:35,,23:12:35,20220701 23:12:35,1.00,--,--,投机,GFD,套利[C24],CTP:报单已全成交或已撤销，不能再撤,,ni09-08:Spread[C24],普通,138411,,,,InfiniV8_1,3,-290971658,
78,138411,？？？？？？？？′？？？,155374,000000019649,SHFE,ni2208,ni2208,    卖,开仓,167520,1,全部成交,167520.0,1,0,0,23:12:34,,23:12:34,20220701 23:12:34,1.00,--,--,投机,GFD,套利[C24],,,ni09-08:Spread[C24],普通,138411,,,,InfiniV8_1,3,-290971658,
77,138411,？？？？？？？？′？？？,155373,000000019633,SHFE,ni2209,ni2209,买,开仓,162330,1,全部成交,162330.0,1,0,0,23:12:33,,23:12:34,20220701 23:12:34,1.00,--,--,投机,GFD,套利[C24],CTP:报单已全成交或已撤销，不能再撤,,ni09-08:Spread[C24],普通,138411,,,,InfiniV8_1,3,-290971658,
76,138411,？？？？？？？？′？？？,154714,000000019097,SHFE,ni2208,ni2208,买,平今,167540,1,全部成交,167540.0,1,0,0,23:09:16,,23:09:16,20220701 23:09:16,--,1130.00,1130.00,投机,GFD,套利[C23],,,ni09-08:Spread[C23],普通,138411,,,,InfiniV8_1,3,-290971658,
75,138411,？？？？？？？？′？？？,154707,000000019089,SHFE,ni2209,ni2209,    卖,平今,162600,1,全部成交,162600.0,1,0,0,23:09:14,,23:09:16,20220701 23:09:16,--,-900.00,-900.00,投机,GFD,套利[C23],,,ni09-08:Spread[C23],普通,138411,,,,InfiniV8_1,3,-290971658,
74,138411,？？？？？？？？′？？？,153801,000000018409,SHFE,ni2208,ni2208,    卖,开仓,168600,1,全部成交,168600.0,1,0,0,23:06:07,,23:06:07,20220701 23:06:07,1.00,--,--,投机,GFD,套利[C22],,,ni09-08:Spread[C22],普通,138411,,,,InfiniV8_1,3,-290971658,
73,138411,？？？？？？？？′？？？,153800,000000018401,SHFE,ni2209,ni2209,买,开仓,163500,1,全部成交,163500.0,1,0,0,23:06:07,,23:06:07,20220701 23:06:07,1.00,--,--,投机,GFD,套利[C22],,,ni09-08:Spread[C22],普通,138411,,,,InfiniV8_1,3,-290971658,
72,138411,？？？？？？？？′？？？,153790,000000018393,SHFE,ni2208,ni2208,    卖,开仓,168670,1,全部成交,168670.0,1,0,0,23:06:06,,23:06:06,20220701 23:06:06,1.00,--,--,投机,GFD,套利[C22],,,ni09-08:Spread[C22],普通,138411,,,,InfiniV8_1,3,-290971658,
71,138411,？？？？？？？？′？？？,153789,000000018385,SHFE,ni2209,ni2209,买,开仓,163500,1,全部成交,163500.0,1,0,0,23:06:06,,23:06:06,20220701 23:06:06,1.00,--,--,投机,GFD,套利[C22],,,ni09-08:Spread[C22],普通,138411,,,,InfiniV8_1,3,-290971658,
70,138411,？？？？？？？？′？？？,149150,000000016313,SHFE,ni2208,ni2208,买,平今,168920,1,全部成交,168920.0,1,0,0,22:58:53,,22:58:53,20220701 22:58:53,--,280.00,280.00,投机,GFD,套利[C20],,,ni09-08:Spread[C20],普通,138411,,,,InfiniV8_1,3,-290971658,
69,138411,？？？？？？？？′？？？,149148,000000016305,SHFE,ni2209,ni2209,    卖,平今,163980,1,全部成交,163980.0,1,0,0,22:58:53,,22:58:53,20220701 22:58:53,--,-130.00,-130.00,投机,GFD,套利[C20],,,ni09-08:Spread[C20],普通,138411,,,,InfiniV8_1,3,-290971658,
68,138411,？？？？？？？？′？？？,145505,000000015945,SHFE,ni2208,ni2208,买,平今,169190,1,全部成交,169190.0,1,0,0,22:56:51,,22:56:51,20220701 22:56:51,--,-220.00,-220.00,投机,GFD,套利[C18],,,ni09-08:Spread[C18],普通,138411,,,,InfiniV8_1,3,-290971658,
67,138411,？？？？？？？？′？？？,145504,000000015937,SHFE,ni2209,ni2209,    卖,平今,164300,1,全部成交,164300.0,1,0,0,22:56:51,,22:56:51,20220701 22:56:51,--,340.00,340.00,投机,GFD,套利[C18],,,ni09-08:Spread[C18],普通,138411,,,,InfiniV8_1,3,-290971658,
66,138411,？？？？？？？？′？？？,140372,000000014041,SHFE,ni2208,ni2208,    卖,开仓,169200,1,全部成交,169200.0,1,0,0,22:53:38,,22:53:38,20220701 22:53:38,1.00,--,--,投机,GFD,套利[C19],,,ni09-08:Spread[C19],普通,138411,,,,InfiniV8_1,3,-290971658,
65,138411,？？？？？？？？′？？？,140347,000000014025,SHFE,ni2209,ni2209,买,开仓,164110,1,全部成交,164110.0,1,0,0,22:53:37,,22:53:38,20220701 22:53:38,1.00,--,--,投机,GFD,套利[C19],28:SHFE:报单已经全部成交,,ni09-08:Spread[C19],普通,138411,,,,InfiniV8_1,3,-290971658,
64,138411,？？？？？？？？′？？？,131736,000000012177,SHFE,ni2208,ni2208,买,平今,169870,1,全部成交,169870.0,1,0,0,22:48:10,,22:48:10,20220701 22:48:10,--,-860.00,-860.00,投机,GFD,套利[C18],,,ni09-08:Spread[C18],普通,138411,,,,InfiniV8_1,3,-290971658,
63,138411,？？？？？？？？′？？？,131734,000000012169,SHFE,ni2209,ni2209,    卖,平今,164970,1,全部成交,164970.0,1,0,0,22:48:10,,22:48:10,20220701 22:48:10,--,1020.00,1020.00,投机,GFD,套利[C18],,,ni09-08:Spread[C18],普通,138411,,,,InfiniV8_1,3,-290971658,
62,138411,？？？？？？？？′？？？,123873,000000011729,SHFE,ni2208,ni2208,    卖,开仓,168970,1,全部成交,168970.0,1,0,0,22:39:46,,22:39:46,20220701 22:39:46,1.00,--,--,投机,GFD,套利[C17],,,ni09-08:Spread[C17],普通,138411,,,,InfiniV8_1,3,-290971658,
61,138411,？？？？？？？？′？？？,123857,000000011713,SHFE,ni2209,ni2209,买,开仓,163970,1,全部成交,163960.0,1,0,0,22:39:44,,22:39:46,20220701 22:39:46,1.00,--,--,投机,GFD,套利[C17],CTP:报单已全成交或已撤销，不能再撤,,ni09-08:Spread[C17],普通,138411,,,,InfiniV8_1,3,-290971658,
60,138411,？？？？？？？？′？？？,123721,000000011417,SHFE,ni2208,ni2208,    卖,开仓,169010,1,全部成交,169010.0,1,0,0,22:39:29,,22:39:29,20220701 22:39:29,1.00,--,--,投机,GFD,套利[C17],,,ni09-08:Spread[C17],普通,138411,,,,InfiniV8_1,3,-290971658,
59,138411,？？？？？？？？′？？？,123719,000000011401,SHFE,ni2209,ni2209,买,开仓,164010,1,全部成交,163950.0,1,0,0,22:39:29,,22:39:29,20220701 22:39:29,1.00,--,--,投机,GFD,套利[C17],CTP:报单已全成交或已撤销，不能再撤,,ni09-08:Spread[C17],普通,138411,,,,InfiniV8_1,3,-290971658,
58,138411,？？？？？？？？′？？？,122743,000000010705,SHFE,ni2208,ni2208,买,平今,169000,1,全部成交,169000.0,1,0,0,22:37:52,,22:37:52,20220701 22:37:52,--,-240.00,-240.00,投机,GFD,套利[C16],,,ni09-08:Spread[C16],普通,138411,,,,InfiniV8_1,3,-290971658,
57,138411,？？？？？？？？′？？？,122736,000000010689,SHFE,ni2209,ni2209,    卖,平今,164070,1,全部成交,164080.0,1,0,0,22:37:52,,22:37:52,20220701 22:37:52,--,350.00,350.00,投机,GFD,套利[C16],CTP:报单已全成交或已撤销，不能再撤,,ni09-08:Spread[C16],普通,138411,,,,InfiniV8_1,3,-290971658,
56,138411,？？？？？？？？′？？？,122433,000000010297,SHFE,ni2208,ni2208,买,平今,168890,1,全部成交,168890.0,1,0,0,22:37:24,,22:37:24,20220701 22:37:24,--,-170.00,-170.00,投机,GFD,套利[C16],,,ni09-08:Spread[C16],普通,138411,,,,InfiniV8_1,3,-290971658,
55,138411,？？？？？？？？′？？？,122432,000000010289,SHFE,ni2209,ni2209,    卖,平今,164000,1,全部成交,164000.0,1,0,0,22:37:24,,22:37:24,20220701 22:37:24,--,280.00,280.00,投机,GFD,套利[C16],,,ni09-08:Spread[C16],普通,138411,,,,InfiniV8_1,3,-290971658,
54,138411,？？？？？？？？′？？？,120240,000000008825,SHFE,ni2208,ni2208,    卖,开仓,168760,1,全部成交,168760.0,1,0,0,22:34:35,,22:34:35,20220701 22:34:35,1.00,--,--,投机,GFD,套利[C15],,,ni09-08:Spread[C15],普通,138411,,,,InfiniV8_1,3,-290971658,
53,138411,？？？？？？？？′？？？,120229,000000008809,SHFE,ni2209,ni2209,买,开仓,163740,1,全部成交,163730.0,1,0,0,22:34:34,,22:34:35,20220701 22:34:35,1.00,--,--,投机,GFD,套利[C15],CTP:报单已全成交或已撤销，不能再撤,,ni09-08:Spread[C15],普通,138411,,,,InfiniV8_1,3,-290971658,
52,138411,？？？？？？？？′？？？,119553,000000008401,SHFE,ni2208,ni2208,    卖,开仓,168720,1,全部成交,168720.0,1,0,0,22:33:55,,22:33:55,20220701 22:33:55,1.00,--,--,投机,GFD,套利[C15],,,ni09-08:Spread[C15],普通,138411,,,,InfiniV8_1,3,-290971658,
51,138411,？？？？？？？？′？？？,119550,000000008393,SHFE,ni2209,ni2209,买,开仓,163720,1,全部成交,163720.0,1,0,0,22:33:55,,22:33:55,20220701 22:33:55,1.00,--,--,投机,GFD,套利[C15],,,ni09-08:Spread[C15],普通,138411,,,,InfiniV8_1,3,-290971658,
50,138411,？？？？？？？？′？？？,105490,000000006913,SHFE,ni2208,ni2208,买,平今,168970,1,全部成交,168970.0,1,0,0,22:19:54,,22:19:54,20220701 22:19:54,--,530.00,530.00,投机,GFD,套利[C13],,,ni09-08:Spread[C13],普通,138411,,,,InfiniV8_1,3,-290971658,
49,138411,？？？？？？？？′？？？,105489,000000006905,SHFE,ni2209,ni2209,    卖,平今,164190,1,全部成交,164190.0,1,0,0,22:19:54,,22:19:54,20220701 22:19:54,--,-410.00,-410.00,投机,GFD,套利[C13],,,ni09-08:Spread[C13],普通,138411,,,,InfiniV8_1,3,-290971658,
48,138411,？？？？？？？？′？？？,105296,000000006721,SHFE,ni2208,ni2208,买,平今,169180,1,全部成交,169180.0,1,0,0,22:19:46,,22:19:46,20220701 22:19:46,--,330.00,330.00,投机,GFD,套利[C13],,,ni09-08:Spread[C13],普通,138411,,,,InfiniV8_1,3,-290971658,
47,138411,？？？？？？？？′？？？,105293,000000006713,SHFE,ni2209,ni2209,    卖,平今,164380,1,全部成交,164380.0,1,0,0,22:19:46,,22:19:46,20220701 22:19:46,--,-220.00,-220.00,投机,GFD,套利[C13],,,ni09-08:Spread[C13],普通,138411,,,,InfiniV8_1,3,-290971658,
46,138411,？？？？？？？？′？？？,105272,000000006705,SHFE,ni2208,ni2208,买,平今,169180,1,全部成交,169180.0,1,0,0,22:19:45,,22:19:45,20220701 22:19:45,--,370.00,370.00,投机,GFD,套利[C13],,,ni09-08:Spread[C13],普通,138411,,,,InfiniV8_1,3,-290971658,
45,138411,？？？？？？？？′？？？,105270,000000006697,SHFE,ni2209,ni2209,    卖,平今,164380,1,全部成交,164380.0,1,0,0,22:19:45,,22:19:45,20220701 22:19:45,--,-240.00,-240.00,投机,GFD,套利[C13],,,ni09-08:Spread[C13],普通,138411,,,,InfiniV8_1,3,-290971658,
44,138411,？？？？？？？？′？？？,104948,000000006529,SHFE,ni2208,ni2208,买,平今,169180,1,全部成交,169180.0,1,0,0,22:19:26,,22:19:26,20220701 22:19:26,--,380.00,380.00,投机,GFD,套利[C13],,,ni09-08:Spread[C13],普通,138411,,,,InfiniV8_1,3,-290971658,
43,138411,？？？？？？？？′？？？,104947,000000006521,SHFE,ni2208,ni2208,买,平今,169180,1,全部成交,169180.0,1,0,0,22:19:26,,22:19:26,20220701 22:19:26,--,1100.00,1100.00,投机,GFD,套利[C10],,,ni09-08:Spread[C10],普通,138411,,,,InfiniV8_1,3,-290971658,
42,138411,？？？？？？？？′？？？,104946,000000006513,SHFE,ni2209,ni2209,    卖,平今,164380,1,全部成交,164380.0,1,0,0,22:19:26,,22:19:26,20220701 22:19:26,--,-270.00,-270.00,投机,GFD,套利[C13],,,ni09-08:Spread[C13],普通,138411,,,,InfiniV8_1,3,-290971658,
41,138411,？？？？？？？？′？？？,104945,000000006505,SHFE,ni2209,ni2209,    卖,平今,164380,1,全部成交,164380.0,1,0,0,22:19:26,,22:19:26,20220701 22:19:26,--,-1050.00,-1050.00,投机,GFD,套利[C10],,,ni09-08:Spread[C10],普通,138411,,,,InfiniV8_1,3,-290971658,
40,138411,？？？？？？？？′？？？,88516,000000005297,SHFE,ni2208,ni2208,    卖,开仓,169500,1,全部成交,169500.0,1,0,0,22:01:44,,22:01:44,20220701 22:01:44,1.00,--,--,投机,GFD,套利[C11],,,ni09-08:Spread[C11],普通,138411,,,,InfiniV8_1,3,-290971658,
39,138411,？？？？？？？？′？？？,88515,000000005289,SHFE,ni2209,ni2209,买,开仓,164600,1,全部成交,164600.0,1,0,0,22:01:44,,22:01:44,20220701 22:01:44,1.00,--,--,投机,GFD,套利[C11],,,ni09-08:Spread[C11],普通,138411,,,,InfiniV8_1,3,-290971658,
38,138411,？？？？？？？？′？？？,88510,000000005281,SHFE,ni2208,ni2208,    卖,开仓,169510,1,全部成交,169510.0,1,0,0,22:01:44,,22:01:44,20220701 22:01:44,1.00,--,--,投机,GFD,套利[C11],,,ni09-08:Spread[C11],普通,138411,,,,InfiniV8_1,3,-290971658,
37,138411,？？？？？？？？′？？？,88503,000000005265,SHFE,ni2209,ni2209,买,开仓,164610,1,全部成交,164600.0,1,0,0,22:01:44,,22:01:44,20220701 22:01:44,1.00,--,--,投机,GFD,套利[C11],28:SHFE:报单已经全部成交,,ni09-08:Spread[C11],普通,138411,,,,InfiniV8_1,3,-290971658,
36,138411,？？？？？？？？′？？？,88489,000000005257,SHFE,ni2208,ni2208,    卖,开仓,169550,1,全部成交,169550.0,1,0,0,22:01:43,,22:01:43,20220701 22:01:43,1.00,--,--,投机,GFD,套利[C11],,,ni09-08:Spread[C11],普通,138411,,,,InfiniV8_1,3,-290971658,
35,138411,？？？？？？？？′？？？,88409,000000005241,SHFE,ni2209,ni2209,买,开仓,164630,1,全部成交,164620.0,1,0,0,22:01:40,,22:01:43,20220701 22:01:43,1.00,--,--,投机,GFD,套利[C11],CTP:报单已全成交或已撤销，不能再撤,,ni09-08:Spread[C11],普通,138411,,,,InfiniV8_1,3,-290971658,
34,138411,？？？？？？？？′？？？,88355,000000005201,SHFE,ni2208,ni2208,    卖,开仓,169560,1,全部成交,169560.0,1,0,0,22:01:38,,22:01:38,20220701 22:01:38,1.00,--,--,投机,GFD,套利[C11],,,ni09-08:Spread[C11],普通,138411,,,,InfiniV8_1,3,-290971658,
33,138411,？？？？？？？？′？？？,88331,000000005185,SHFE,ni2209,ni2209,买,开仓,164660,1,全部成交,164650.0,1,0,0,22:01:36,,22:01:38,20220701 22:01:38,1.00,--,--,投机,GFD,套利[C11],CTP:报单已全成交或已撤销，不能再撤,,ni09-08:Spread[C11],普通,138411,,,,InfiniV8_1,3,-290971658,
32,138411,？？？？？？？？′？？？,86026,000000004809,SHFE,ni2208,ni2208,买,平今,169610,1,全部成交,169610.0,1,0,0,21:59:59,,21:59:59,20220701 21:59:59,--,670.00,670.00,投机,GFD,套利[C10],,,ni09-08:Spread[C10],普通,138411,,,,InfiniV8_1,3,-290971658,
31,138411,？？？？？？？？′？？？,86020,000000004801,SHFE,ni2209,ni2209,    卖,平今,164840,1,全部成交,164840.0,1,0,0,21:59:59,,21:59:59,20220701 21:59:59,--,-590.00,-590.00,投机,GFD,套利[C10],,,ni09-08:Spread[C10],普通,138411,,,,InfiniV8_1,3,-290971658,
30,138411,？？？？？？？？′？？？,67816,000000003641,SHFE,ni2208,ni2208,    卖,开仓,170280,1,全部成交,170280.0,1,0,0,21:46:23,,21:46:23,20220701 21:46:23,1.00,--,--,投机,GFD,套利[C9],,,ni09-08:Spread[C9],普通,138411,,,,InfiniV8_1,3,-290971658,
29,138411,？？？？？？？？′？？？,67815,000000003633,SHFE,ni2209,ni2209,买,开仓,165430,1,全部成交,165430.0,1,0,0,21:46:23,,21:46:23,20220701 21:46:23,1.00,--,--,投机,GFD,套利[C9],,,ni09-08:Spread[C9],普通,138411,,,,InfiniV8_1,3,-290971658,
28,138411,？？？？？？？？′？？？,67768,000000003609,SHFE,ni2208,ni2208,    卖,开仓,170280,1,全部成交,170280.0,1,0,0,21:46:20,,21:46:20,20220701 21:46:20,1.00,--,--,投机,GFD,套利[C9],,,ni09-08:Spread[C9],普通,138411,,,,InfiniV8_1,3,-290971658,
27,138411,？？？？？？？？′？？？,67765,000000003601,SHFE,ni2209,ni2209,买,开仓,165430,1,全部成交,165430.0,1,0,0,21:46:20,,21:46:20,20220701 21:46:20,1.00,--,--,投机,GFD,套利[C9],,,ni09-08:Spread[C9],普通,138411,,,,InfiniV8_1,3,-290971658,
26,138411,？？？？？？？？′？？？,58978,000000003129,SHFE,ni2208,ni2208,买,平今,170890,1,全部成交,170890.0,1,0,0,21:40:01,,21:40:01,20220701 21:40:01,--,-1650.00,-1650.00,投机,GFD,套利[C7],,,ni09-08:Spread[C7],普通,138411,,,,InfiniV8_1,3,-290971658,
25,138411,？？？？？？？？′？？？,58977,000000003121,SHFE,ni2209,ni2209,    卖,平今,166190,1,全部成交,166190.0,1,0,0,21:40:01,,21:40:01,20220701 21:40:01,--,1670.00,1670.00,投机,GFD,套利[C7],,,ni09-08:Spread[C7],普通,138411,,,,InfiniV8_1,3,-290971658,
24,138411,？？？？？？？？′？？？,58940,000000003089,SHFE,ni2208,ni2208,买,平今,170950,1,全部成交,170950.0,1,0,0,21:40:00,,21:40:00,20220701 21:40:00,--,-1690.00,-1690.00,投机,GFD,套利[C7],CTP:报单已全成交或已撤销，不能再撤,,ni09-08:Spread[C7],普通,138411,,,,InfiniV8_1,3,-290971658,
23,138411,？？？？？？？？′？？？,58911,000000003065,SHFE,ni2209,ni2209,    卖,平今,166190,1,全部成交,166190.0,1,0,0,21:40:00,,21:40:00,20220701 21:40:00,--,1630.00,1630.00,投机,GFD,套利[C7],,,ni09-08:Spread[C7],普通,138411,,,,InfiniV8_1,3,-290971658,
22,138411,？？？？？？？？′？？？,58873,000000003009,SHFE,ni2208,ni2208,买,平今,170860,1,全部成交,170860.0,1,0,0,21:39:58,,21:39:58,20220701 21:39:58,--,-1540.00,-1540.00,投机,GFD,套利[C7],,,ni09-08:Spread[C7],普通,138411,,,,InfiniV8_1,3,-290971658,
21,138411,？？？？？？？？′？？？,58872,000000003001,SHFE,ni2209,ni2209,    卖,平今,166190,1,全部成交,166190.0,1,0,0,21:39:58,,21:39:58,20220701 21:39:58,--,1570.00,1570.00,投机,GFD,套利[C7],,,ni09-08:Spread[C7],普通,138411,,,,InfiniV8_1,3,-290971658,
20,138411,？？？？？？？？′？？？,58566,000000002801,SHFE,ni2208,ni2208,买,平今,171020,1,全部成交,171020.0,1,0,0,21:39:37,,21:39:37,20220701 21:39:37,--,-1850.00,-1850.00,投机,GFD,套利[C7],,,ni09-08:Spread[C7],普通,138411,,,,InfiniV8_1,3,-290971658,
19,138411,？？？？？？？？′？？？,58565,000000002793,SHFE,ni2209,ni2209,    卖,平今,166340,1,全部成交,166340.0,1,0,0,21:39:37,,21:39:37,20220701 21:39:37,--,1890.00,1890.00,投机,GFD,套利[C7],,,ni09-08:Spread[C7],普通,138411,,,,InfiniV8_1,3,-290971658,
18,138411,？？？？？？？？′？？？,58556,000000002769,SHFE,ni2208,ni2208,买,平今,171060,1,全部成交,171060.0,1,0,0,21:39:37,,21:39:37,20220701 21:39:37,--,-2460.00,-2460.00,投机,GFD,套利[C7],,,ni09-08:Spread[C7],普通,138411,,,,InfiniV8_1,3,-290971658,
17,138411,？？？？？？？？′？？？,58507,000000002753,SHFE,ni2209,ni2209,    卖,平今,166420,1,全部成交,166430.0,1,0,0,21:39:34,,21:39:37,20220701 21:39:37,--,2410.00,2410.00,投机,GFD,套利[C7],CTP:报单已全成交或已撤销，不能再撤,,ni09-08:Spread[C7],普通,138411,,,,InfiniV8_1,3,-290971658,
16,138411,？？？？？？？？′？？？,31318,000000002217,SHFE,ni2208,ni2208,    卖,开仓,169240,1,全部成交,169240.0,1,0,0,21:16:12,,21:16:12,20220701 21:16:12,1.00,--,--,投机,GFD,套利[C6],,,ni09-08:Spread[C6],普通,138411,,,,InfiniV8_1,3,-290971658,
15,138411,？？？？？？？？′？？？,31315,000000002209,SHFE,ni2209,ni2209,买,开仓,164520,1,全部成交,164520.0,1,0,0,21:16:12,,21:16:12,20220701 21:16:12,1.00,--,--,投机,GFD,套利[C6],,,ni09-08:Spread[C6],普通,138411,,,,InfiniV8_1,3,-290971658,
14,138411,？？？？？？？？′？？？,31229,000000002121,SHFE,ni2208,ni2208,    卖,开仓,169260,1,全部成交,169260.0,1,0,0,21:16:08,,21:16:08,20220701 21:16:08,1.00,--,--,投机,GFD,套利[C6],,,ni09-08:Spread[C6],普通,138411,,,,InfiniV8_1,3,-290971658,
13,138411,？？？？？？？？′？？？,31212,000000002113,SHFE,ni2209,ni2209,买,开仓,164560,1,全部成交,164560.0,1,0,0,21:16:08,,21:16:08,20220701 21:16:08,1.00,--,--,投机,GFD,套利[C6],,,ni09-08:Spread[C6],普通,138411,,,,InfiniV8_1,3,-290971658,
12,138411,？？？？？？？？′？？？,31190,000000002089,SHFE,ni2208,ni2208,    卖,开仓,169320,1,全部成交,169320.0,1,0,0,21:16:08,,21:16:08,20220701 21:16:08,1.00,--,--,投机,GFD,套利[C6],,,ni09-08:Spread[C6],普通,138411,,,,InfiniV8_1,3,-290971658,
11,138411,？？？？？？？？′？？？,31189,000000002081,SHFE,ni2209,ni2209,买,开仓,164620,1,全部成交,164620.0,1,0,0,21:16:07,,21:16:07,20220701 21:16:07,1.00,--,--,投机,GFD,套利[C6],,,ni09-08:Spread[C6],普通,138411,,,,InfiniV8_1,3,-290971658,
10,138411,？？？？？？？？′？？？,31077,000000002025,SHFE,ni2208,ni2208,    卖,开仓,169170,1,全部成交,169170.0,1,0,0,21:16:04,,21:16:04,20220701 21:16:04,1.00,--,--,投机,GFD,套利[C6],,,ni09-08:Spread[C6],普通,138411,,,,InfiniV8_1,3,-290971658,
9,138411,？？？？？？？？′？？？,31076,000000002017,SHFE,ni2209,ni2209,买,开仓,164450,1,全部成交,164450.0,1,0,0,21:16:04,,21:16:04,20220701 21:16:04,1.00,--,--,投机,GFD,套利[C6],,,ni09-08:Spread[C6],普通,138411,,,,InfiniV8_1,3,-290971658,
8,138411,？？？？？？？？′？？？,27887,000000001673,SHFE,ni2208,ni2208,买,平今,169140,1,全部成交,169140.0,1,0,0,21:14:09,,21:14:09,20220701 21:14:09,--,-420.00,-420.00,投机,GFD,套利[C5],,,ni09-08:Spread[C5],普通,138411,,,,InfiniV8_1,3,-290971658,
7,138411,？？？？？？？？′？？？,27886,000000001665,SHFE,ni2209,ni2209,    卖,平今,164670,1,全部成交,164670.0,1,0,0,21:14:08,,21:14:08,20220701 21:14:08,--,650.00,650.00,投机,GFD,套利[C5],,,ni09-08:Spread[C5],普通,138411,,,,InfiniV8_1,3,-290971658,
6,138411,？？？？？？？？′？？？,8615,000000000473,SHFE,ni2208,ni2208,    卖,开仓,168600,1,全部成交,168600.0,1,0,0,21:02:05,,21:02:05,20220701 21:02:05,1.00,--,--,投机,GFD,套利[C4],,,ni09-08:Spread[C4],普通,138411,,,,InfiniV8_1,3,-290971658,
5,138411,？？？？？？？？′？？？,8601,000000000457,SHFE,ni2209,ni2209,买,开仓,164030,1,全部成交,164020.0,1,0,0,21:02:05,,21:02:05,20220701 21:02:05,1.00,--,--,投机,GFD,套利[C4],CTP:报单已全成交或已撤销，不能再撤,,ni09-08:Spread[C4],普通,138411,,,,InfiniV8_1,3,-290971658,
4,138411,？？？？？？？？′？？？,8522,000000000417,SHFE,ni2208,ni2208,    卖,开仓,168720,1,全部成交,168720.0,1,0,0,21:02:03,,21:02:03,20220701 21:02:03,1.00,--,--,投机,GFD,套利[C4],,,ni09-08:Spread[C4],普通,138411,,,,InfiniV8_1,3,-290971658,
3,138411,？？？？？？？？′？？？,8519,000000000401,SHFE,ni2209,ni2209,买,开仓,164020,1,全部成交,164020.0,1,0,0,21:02:03,,21:02:03,20220701 21:02:03,1.00,--,--,投机,GFD,套利[C4],28:SHFE:报单已经全部成交,,ni09-08:Spread[C4],普通,138411,,,,InfiniV8_1,3,-290971658,
2,138411,？？？？？？？？′？？？,8076,000000000312,SHFE,ag2212,白银2212,买,平仓,4297,2,全部成交,4297.0,2,0,0,21:01:52,,21:01:52,20220701 21:01:52,1.29,4230.00,3540.00,投机,GFD,,Close,,,普通,138411,,,,InfiniV8_1,3,-290971658,
1,138411,？？？？？？？？′？？？,8075,000000000304,SHFE,ag2209,ag2209,    卖,平仓,4281,2,全部成交,4281.0,2,0,0,21:01:52,,21:01:52,20220701 21:01:52,1.28,-4050.00,-3570.00,投机,GFD,,Close,,,普通,138411,,,,InfiniV8_1,3,-290971658,
